"id","zone_erm_id","shop_class_id","city_id","manager_id","cm","name","address","phone"
"1","1","1","6186","1","3044","Bourges VI","ZAC DE VARENNE RUE NICEPHORE NIEPCE","02-48-48-19-50"
"2","1","2","2989","2","3152","Foix Barcelone","16 AVENUE DE BARCELONE","05-61-65-01-41"
"3","1","2","3026","3","3182","Lavelanet","94 RUE GENERAL DE GAULLE","05-61-01-03-58"
"4","1","2","4200","4","3227","Millau","570 AVENUE DE L EUROPE","05-65-60-05-56"
"5","1","2","4230","167","3259","Onet le château","RUE DE LAPANOUSE POLE COMMERCIAL COMTAL OUEST","05-65-67-07-43"
"6","1","1","4257","168","3289","Rodez VI","ROUTE D ESPALION PARC ST MARC","05-65-78-74-71"
"7","1","2","3132","6","3312","Saint Lizier","CHANTEREINE","05-34-14-34-90"
"8","2","3","6366","7","3045","Bourges VL","ROUTE DE LA CHARITE Z.I.","02-48-27-51-60"
"9","2","3","24969","8","3076","Clermont Aubière VL","49, AVENUE LAVOISIER ZAC DES VARENNES","04-73-26-03-04"
"10","2","3","25066","9","3077","Clermont Clementel VL","238, BLD ETIENNE CLEMENTEL","04-73-16-12-20"
"11","2","3","25066","169","3078","Clermont Kepler VL","2 RUE KEPLER","04-73-14-55-40"
"12","2","3","25066","10","3080","Clermont Rosier VL","53  BD JEAN BAPTISTE DUMAS","04-63-30-10-30"
"13","2","3","2989","11","3151","Foix","33, AVENUE DU MARECHAL LECLERC","05-34-09-34-80"
"14","2","3","3887","170","3249","Narbonne VL","RUE DU REC DE VEYRET","04-68-42-54-90"
"15","2","3","26573","171","3263","Perpignan Dalbiez VL","33, AVENUE VICTOR DALBIEZ","04-68-54-57-78"
"16","2","3","26573","13","3265","Perpignan VL","Z.I. ST CHARLES AVENUE DE SAINT CHARLES","04-68-54-30-11"
"17","2","3","4257","5","3290","Rodez VL","PARC SAINT-MARC ROUTE D ESPALION","05-65-67-16-11"
"18","3","3","5068","14","3024","Aurillac","96 AVENUE CONTHE","04-71-63-90-04"
"19","3","1","5068","172","3433","Aurillac Lacoste VI","ZI de Baradel 4 Rue Gabriel Lacoste","04-71-48-14-11"
"20","3","2","5162","173","3435","Mauriac","Rue du 19 Mars 1962","04-71-68-09-81"
"21","3","2","5227","15","3432","Saint Flour","Zone d'activite de Volzac","04-71-60-13-11"
"22","4","2","13147","16","3037","Beziers","AVENUE DE LA DEVEZE Z.I. DU CAPISCOLE","04-67-35-86-00"
"23","4","1","3887","17","3248","Narbonne VI","5, RUE MARIUS BERLIET Z.I. CROIX SUD","04-68-42-59-80"
"24","4","1","26573","18","3264","Perpignan Saint Charles VI","RUE DE MUNICH Z.I. ST CHARLES","04-68-68-38-80"
"25","5","1","25066","19","3079","Clermont Lumière VI","14 RUE DES FRERES LUMIERE Z.I. DU BREZET","04-73-14-60-10"
"26","5","2","25380","20","3339","Thiers","AVENUE LEO LAGRANGE Z.I. LES MOLLES","04-73-80-15-97"
"27","6","2","3696","21","3057","Carcassonne","Z.I. DE LA BOURIETTE","04-68-11-47-60"
"28","6","2","3703","22","3060","Castelnaudary","98, AV. MONSEIGNEUR DELANGLE RTE DE CARCASSONNE","04-68-23-11-44"
"29","6","2","3703","174","3441","Castelnaudary Sabatier","295 RUE PAUL SABATIER ZI","04-68-60-32-75"
"30","6","2","3090","23","3260","Pamiers","43, AVENUE DE LA RIJOLE Z.I.","05-34-01-37-10"
"31","7","3","1406","175","3242","Moulins Sud VL","103, ROUTE DE LYON","04-70-46-31-42"
"32","7","2","1401","25","3236","Montluçon","1, RUE DE BLANZAT","04-70-08-43-30"
"33","7","1","1501","24","3241","Moulins Avermes VI","PARC D ACTIVITE LOGISTIQUE SUD ZAC DES GRIS","04-70-46-90-81"
"34","7","4","1525","24","3397","Base av. Vichy-Creuzier le neuf","ZA des Ancises 2","04-70-46-90-81"
"35","7","2","22191","26","3252","Nevers","3, RUE DU PETIT MOUESSE","03-86-93-09-40"
"36","8","2","34587","176","3025","Auxerre","14, ALLEE DES FRERES LUMIERE","03-86-18-00-40"
"37","8","1","34257","177","3159","Golbey","68 RUE LORRAINE LA COTE OLIE RN57","03-29-81-11-20"
"38","8","2","3510","178","3292","Romilly","R19 CARREF DIDEROT","03-25-21-04-44"
"39","8","2","34447","30","3302","Saint Dié","38 ROUTE DE RAON L ETAPE","03-29-53-14-14"
"40","8","2","3527","29","3308","Saint Germain","ROUTE D AUXERRE R.N. 77","03-25-75-88-40"
"41","8","2","34460","28","3318","Saint Nabord","24 RANFAING ECHANGEUR MOULIN","03-29-62-23-13"
"42","8","2","34908","179","3330","Sens VL","105, RUE DU GENERAL DE GAULLE","03-86-83-87-30"
"43","9","3","34589","27","3026","Avallon Auchan","AVENUE DU GENERAL LECLERC CENTRE COMMERCIAL AUCHAN","03-86-34-56-64"
"44","9","3","6893","31","3100","Dijon Chenove VL","11,  RUE A. BECQUEREL","03-80-52-54-70"
"45","9","3","20249","32","3204","Ludres VL","145 RUE PASTEUR","03-83-50-19-19"
"46","9","3","21708","33","3225","Metz les Aravis VL","6 ALLEE DES TILLEULS PARC LES ARAVIS","03-87-65-00-56"
"47","10","2","8600","34","3023","Audincourt","RUE DE LA JALESIE BP 83108","03-81-35-02-28"
"48","10","2","27254","35","3084","Colmar","64, RUE DES PAPETERIES","03-89-41-17-14"
"49","10","1","26839","36","3164","Haguenau VI","15 ROUTE DE BITCHE","03-88-73-30-79"
"50","10","1","27339","37","3166","Illzach VI","RUE D ANNECY","03-89-31-12-61"
"51","10","1","27117","38","3336","Strasbourg Port du Rhin VI","3, RUE DE BAYONNE ZONE EUROFRET","03-88-39-39-09"
"52","11","2","8623","180","3036","Besançon","22 BIS, RUE AUGUSTE JOUCHOUX","03-81-53-06-96"
"53","11","2","28465","40","3066","Chalon sur Saône","11 RUE PIERRE DE COUBERTIN Z.I. NORD","03-85-46-89-70"
"54","11","2","6955","41","3102","Dijon Saint Apollinaire","RUE DE LA GOULETTE ZAC DU BOIS GUILLAUME","03-80-28-85-20"
"55","11","4","19575","41","3383","Base av. Langres","5 RUE JEAN MOULIN","03-80-28-85-30"
"56","11","2","28361","39","3360","Vesoul","22, BLD CHARLES DE GAULLE","03-84-75-34-32"
"57","12","2","20244","42","3093","Cosnes et Romain","COSNES ET ROMAIN Z.I. DES 4 CHEMINS","03-82-23-94-77"
"58","12","1","21297","43","3018","Argancy","RUE BLERIOT ZI D ENNERY","03-87-73-55-40"
"59","12","4","21851","43","3395","Base av. Saint Avold","ZONE DE L'EUROPORT","0000000000"
"60","12","1","20249","44","3203","Ludres VI","422 RUE PIERRE ET MARIE CURIE","03-83-57-33-15"
"61","12","2","21874","45","3329","Sarrebourg","5, RUE DU DOCTEUR SCHWEITZER","03-87-25-71-43"
"62","13","3","35006","181","3035","Belfort","AV. DE LA LAURENCIE","03-84-22-48-91"
"63","13","3","27339","47","3167","Illzach VL","11-15, RUE DE LONDRES AVENUE DE FRIBOURG","03-89-61-82-81"
"64","13","3","27407","46","3244","Mulhouse Dornach","2 RUE ANTOINE HERZOG","03-89-33-17-38"
"65","14","3","26839","48","3163","Haguenau rte de Strasbourg VL","105, ROUTE DE STRASBOURG","03-88-93-00-51"
"66","14","3","26961","49","3245","Mutzig","ESPACE ATRIUM","03-88-38-06-53"
"67","14","3","27117","50","3335","Strasbourg Meinau VL","276 AV DE COLMAR","03-88-65-70-42"
"68","15","1","4743","51","3052","Caen Sud","Z.I. MONDEVILLE SUD","02-31-82-89-70"
"69","15","2","16599","52","3081","Clisson","GETIGNE Z.A.","02-40-36-12-82"
"70","15","2","13572","53","3154","Fougères","BOULEVARD  GROSLAY","02-99-17-01-70"
"71","15","1","30202","54","3160","Gonfreville","ROUTE INDUSTRIELLE Z.I. PORTUAIRE N 4429","02-35-53-36-74"
"72","15","2","10606","55","3177","Landerneau","27,  RUE HERVE DE GUEBRIANT","02-98-30-35-80"
"73","15","1","21053","56","3178","Lanester Caudan VI","752 ROUTE DE CAUDAN ZAC DE KERGOUSSEL MORBIHAN","02-97-76-88-70"
"74","15","2","33404","182","3189","Les Herbiers","11 RUE EDOUARD BRANLY ZONE ARTISANALE LA BUZENIERE","02-51-91-19-08"
"75","15","4","33404","182","3277","Base av. Boissières des Landes","11 RUE EDOUARD BRANLY","02-51-91-19-08"
"76","15","2","18512","57","3313","Saint Lô","700, AVENUE DE PARIS","02-33-77-83-50"
"77","15","4","16585","58","3058","Base av. Carquefou VI","A RENSEIGNER","0000000000"
"78","15","4","16656","58","3238","Base av. Montoir de Bretagne","TRANSPORT AVRIL -ZA DE CADREAN BOULEVARD DE CADREAN","02-40-92-00-25"
"79","15","1","16717","58","3309","Saint Herblain VI","BOULEVARD SALVADOR ALLENDE ATLANTIS","02-40-92-00-25"
"80","15","2","5053","183","3365","Vire","RUE GUY DEGRENNE","02-31-68-56-57"
"81","15","2","13808","59","3368","Vitré","32 AVENUE D HELMSTEDT","02-23-55-11-20"
"82","16","3","4595","184","3053","Caen VL","2, RUE DU CHEMIN VERT ANGLE BOULEVARD DUNOIS","02-31-73-43-18"
"83","16","3","16585","185","3059","Carquefou VL","36, RUE DE GRANDE-BRETAGNE Z.I","02-51-85-29-10"
"84","16","3","13511","186","3065","Cesson VL","RUE DES CHARMILLES Z.I. SUD EST CHANTEPIE","02-99-53-77-77"
"85","16","3","21111","63","3179","Lanester VL","68, AVENUE AMBROISE CROIZAT","02-97-76-12-03"
"86","16","3","30245","64","3184","Le Havre VL","203 BOULEVARD DE GRAVILLE","02-35-26-50-68"
"87","16","3","4826","60","3228","Mondeville + rev","ZI CHARLES DE COULOMB","02-31-83-92-90"
"88","16","3","16670","187","3247","Nantes Orvault VL","262, ROUTE DE VANNES","02-51-77-82-30"
"89","16","3","13690","188","3284","Rennes Mail VL","70, AV. DU MAIL F. MITTERAND","02-99-59-35-29"
"90","16","3","13690","62","3286","Rennes Rte de Lorient VL","67 RUE DU MANOIR DE SERVIGNE ROUTE DE LORIEN","02-99-14-67-00"
"91","16","3","16717","61","3310","Saint Herblain VL","BOULEVARD SALVADOR ALLENDE ATLANTIS","02-40-92-00-05"
"92","17","3","17910","65","3012","Angers VL","4, AVENUE BESNARDIERE","02-41-31-13-50"
"93","17","2","18042","66","3190","Les Ponts de Cé","AVENUE DU MOULIN MARCILLE","02-41-95-70-60"
"94","17","4","17967","66","3396","Base av. Montjean sur Loire","26 ZA LES OUCHES MONTJEAN SUR LOIRE","02-41-18-12-93"
"95","18","2","13688","189","3282","Redon VI","ROUTE DE VANNES","02-99-70-35-40"
"96","18","1","13511","190","3064","Cesson VI","RUE DES CHARMILLES Z.I. SUD EST CHANTEPIE","02-99-53-23-53"
"97","18","4","7658","190","3272","Base av. Pommeret","21 RUE PAUL RICHET","02-99-14-57-59"
"98","18","1","13690","190","3285","Rennes Rte de Lorient VI","67 RUE DU MANOIR DE SEVIGNE ROUTE DE LORIENT","02-99-14-57-59"
"99","18","2","13740","67","3314","Saint Malo","18 AVENUE DU GENERAL FERIE","02-99-56-41-41"
"100","19","2","19805","191","3223","Mayenne","RUE MARIE ANDRE AMPERE ZI DE LA PEYENNEIRE","02-43-04-19-47"
"101","19","2","19853","68","3300","Saint Berthevin","10, BOULEVARD DES LOGES","02-43-91-45-50"
"102","20","1","13838","69","3050","Brive VI","IMPASSE DE LA SARRETIE","05-55-88-96-29"
"103","20","3","16919","70","3158","Gien","RUE JULES CESAR","02-38-67-42-08"
"104","20","2","13829","71","3183","Le Blanc","7 AVENUE PIERRE MENDES FRANCE","02-54-37-00-39"
"105","20","2","33939","192","3198","Limoges","51 RUE CLAUDE. HENRI GORCEIX","05-55-36-19-27"
"106","20","2","33937","72","3197","Limoges Comte","5 A 9, RUE AUGUSTE COMTE Z.I. NORD","05-55-38-10-71"
"107","20","1","17092","193","3230","Montargis VI","26 RUE DE  LA BARAUDIERE Z.A.","02-38-07-15-70"
"108","21","3","6476","73","3051","Brive VL","26, RUE JEAN-CHARLES RIVET","05-55-88-96-39"
"109","21","3","16969","74","3231","Montargis VL","64, RUE JEAN JAURES","02-38-93-38-33"
"110","22","3","14303","75","3349","Tours VL","16, RUE C. HUYGENS Z.I. DE LA MILLETIERE","02-47-51-03-03"
"111","22","2","15716","76","3040","Blois","AVENUE DE CHATEAUDUN","02-54-78-18-74"
"112","22","2","14099","77","3070","Chambray les Tours","14, RUE JEAN PERRIN Z.I. NO.1","02-47-71-40-20"
"113","22","2","15948","78","3356","Vendôme","25 ROUTE DE PARIS R.N 10","02-54-73-71-71"
"114","23","2","23659","79","3008","Alencon","26, RUE LAZARE CARNOT Z.I. NORD","02-33-81-28-50"
"115","23","2","29081","194","3170","La Ferté Bernard","Z.A. LA PETITE CIBOLE LA CHAPELLE DU BOIS","02-43-60-16-30"
"116","23","2","29128","195","3185","Le Mans ZI","RUE DES FRERES VOISIN Z.I. NORD","02-43-52-12-80"
"117","23","2","29206","196","3298","Sablé","ROUTE DE LA FLECHE ZONE D ACTIVITE ST LAURENT","02-43-62-16-90"
"118","24","3","5975","197","3174","La Rochelle","153, BOULEVARD ANDRE SAUTEL","05-46-34-85-71"
"119","24","3","31679","198","3341","Thouars VL","24 BD ERNEST RENAN","05-49-66-06-52"
"120","24","2","33710","199","3201","Loudun","6 AVENUE OUAGADOUGOU ZI NORD","05-49-98-19-39"
"121","24","2","5949","200","3262","Perigny","RUE MARIOTTE ZI PERIGNY","05-46-55-44-60"
"122","24","4","31448","200","3436","Base av. La Crèche","sis Allee Louis Antoine de Bougainville ZA Champs Albert"," "
"123","24","2","33762","80","3271","Poitiers 8 mai","174, AVENUE DU 8 MAI 1945","05-49-57-25-82"
"124","24","1","31679","81","3340","Thouars VI","ZONE ARTISANALE LA MOTTE DES JUSTICES","05-49-66-69-25"
"125","25","2","5317","82","3013","Angoulême VI","37, BOULEVARD BESSON BEY PORT L HOUMEAU","05-45-22-97-00"
"126","25","2","5328","201","3401","Barbezieux-Saint-Hilaire","Les Combes","05-32-05-00-04"
"127","25","2","5386","202","3403","Chateaubernard","15 avenue de Barbezieux","05-45-82-24-66"
"128","25","2","5874","203","3402","Jonzac","30 avenue du 19 Mars 1962","05-19-77-00-06"
"129","25","4","5944","203","3404","Base av. Orignolles","Chez Mr Mesnard Transport Rousselot"," "
"130","25","2","6084","83","3324","Saintes","RUE DU CHEMIN FERRE Z.I. DE L ORMEAU DE PIED","05-46-74-83-00"
"131","26","3","16991","204","3257","Olivet","101 RUE D ALSACE ZAC DES PROVINCES","02-38-63-41-64"
"132","26","2","17011","205","3268","Pithiviers","RUE JEAN MONNET ZAC DE ZENIVES","02-38-06-11-30"
"133","26","2","17059","206","3328","Saran","168 RUE FRANCIS PERRIN","02-38-70-93-20"
"134","26","2","10478","84","3350","Toury","ZI DE LA HAUTE BORNE RUE DE LA MALADRERIE","02-37-90-41-90"
"135","27","1","31722","207","3009","Amiens VI","AVENUE ROGER DUMOULIN Z.I NORD","03-22-67-55-80"
"136","27","2","18836","208","3144","Epernay","94, AVENUE A. THEVENET","03-26-55-90-40"
"137","27","2","22587","87","3438","Hallennes","331 RUE DU GENERAL DE GAULLE","03-20-48-48-48"
"138","27","1","22651","88","3192","Lesquin VI","RUE DE LA CROIX BOUGARD CENTRE ROUTIER","03-20-87-90-60"
"139","27","2","32233","85","3232","Montdidier","30, AVENUE MAURICE LECONTE","03-22-37-08-67"
"140","27","2","18976","86","3237","Montmirail","16 RUE DE LA GUINOTTERIE ZI DU MONDANT","03-26-81-22-14"
"141","28","3","22678","89","3172","La Madeleine","261 BIS, AV. DE LA REPUBLIQUE","03-28-38-91-30"
"142","28","2","805","209","3181","Laon ZI","10, RUE DES MINIMES Z.I.","03-23-23-01-17"
"143","28","3","22651","90","3193","Lesquin VL","RUE DE LA CROIX BOUGARD CENTRE ROUTIER","03-20-16-98-80"
"144","28","3","22658","91","3194","Lille Isly","20, RUE D ISLY","03-20-00-17-20"
"145","28","3","22716","210","3229","Mons en Baroeul","322, RUE DU GENERAL DE GAULLE","03-20-04-88-08"
"146","28","2","1080","92","3321","Saint Quentin","51 TER, AV. GENERAL DE GAULLE ZI","03-23-06-67-67"
"147","28","2","1109","211","3334","Soissons","60, AVENUE DE COMPIEGNE","03-23-59-95-99"
"148","29","3","31722","212","3010","Amiens VL","120, CHAUSSEE JULES FERRY","03-22-50-43-43"
"149","29","2","31704","213","3000","Abbeville","ZAC DES DEUX VALLEES","03-22-20-14-70"
"150","29","2","30156","93","3146","Eu","7, RUE DES BELGES","02-27-28-03-40"
"151","30","2","1175","214","3359","Vervins","7,  PONT DE PIERRE","03-23-98-30-79"
"152","30","2","2509","94","3072","Charleville Mezieres","RUE PAULIN RICHIER ZAC DE LA CROISETTE","03-24-57-02-44"
"153","30","2","2739","95","3287","Rethel","RUE DE BASTOGNE Z.I. DE PARGNY","03-24-72-64-80"
"154","31","2","23027","215","3033","Beauvais","21, AVENUE BLAISE PASCAL","03-44-14-31-10"
"155","31","2","23129","96","3086","Compiegne","10, RUE JACQUES DE VAUCANSON ZAC DE MERCIERES","03-44-30-37-37"
"156","31","2","23145","97","3096","Creil","Z.A E. T. ST-MAXIMIN","03-44-64-66-80"
"157","32","2","18723","216","3067","Chalons en Champagne","1 BIS AVENUE DU 106EME R.I.","03-26-26-19-97"
"158","32","2","19041","217","3283","Reims Pompelle","2A BOULEVARD DE VAL DE VESLES ZI DE LA POMPELLE 51","03-51-30-81-30"
"159","32","2","19224","98","3370","Vitry","RUE DE LA VIOLETTE Z.I. DES MAROLLES","03-26-72-27-33"
"160","33","2","22494","99","3106","Dunkerque ZI","RUE DE L ALBECK Z.I. PETITE SYNTHE","03-28-25-96-40"
"161","33","2","22604","100","3439","Hazebrouck","199 RUE DE MERVILLE","03-28-50-10-72"
"162","33","2","24805","101","3316","Saint Martin au Laert","RUE DES CORMETTES Z.I. FOND SQUIN","03-21-38-99-00"
"163","34","2","24096","218","3437","Annay","16 ROUTE DE LILLE","03-21-70-62-05"
"164","34","2","24104","219","3020","Arras","245, AVENUE KENNEDY","03-21-21-71-40"
"165","34","2","22908","102","3353","Valenciennes","ROUVIGNIES PROUVY Z.I. 2","03-27-21-02-54"
"166","35","2","31210","103","3083","Coignières","109 A 115, ROUTE NATIONALE 10","01-30-05-00-00"
"167","35","1","31212","104","3088","Conflans Sainte Honorine","9, RUE DE L ACTIVITE Z.I. DU CHAMP GAILLARD","01-39-72-04-00"
"168","35","1","9725","105","3147","Evreux VI","2, RUE DU GAL LANGLE DE CARY Z.I. NO.2 LA MADELEINE","02-32-28-50-30"
"169","35","2","9900","220","3186","Le Neubourg","441, ROUTE D ELBEUF VITOT","02-32-35-10-47"
"170","35","2","35296","221","3220","Massy Palaiseau VI","12-14 RUE FRANCOIS SOMMER","01-69-20-38-20"
"171","35","1","30467","108","3305","Saint Etienne De Rouvray VI","RUE DE LA GRANDE EPINE Z.I. EST","02-32-91-74-40"
"172","36","3","30060","222","3029","Bapeaume les Rouen","9021 RUE DU CANAL CENTRE CIAL LECLERC","02-35-74-27-69"
"173","36","3","35336","223","3039","Blanc Mesnil VL","190, AVENUE CHARLES FLOQUET","01-55-81-19-60"
"174","36","3","35149","224","3091","Corbeil","80, 84,  BLD DE FONTAINEBLEAU","01-60-89-15-25"
"175","36","3","9725","110","3148","Evreux VL","54, AVENUE FOCH","02-32-33-91-08"
"176","36","3","35198","225","3199","Longjumeau","5, ROUTE DE VERSAILLES PETIT CHAMPLAN","01-69-74-18-88"
"177","36","3","35204","111","3219","Massy CORA VL","120, AVENUE DE L EUROPE CENTRE COMMERCIAL CORA","01-64-53-13-55"
"178","36","3","35204","226","3221","Massy VL","12, RUE MARCEL PAUL Z.I. DE LA BONDE","01-69-75-13-50"
"179","36","3","35320","112","3246","Nanterre VL","74-76,  AVENUE W. LENINE","01-55-69-16-00"
"180","36","3","30959","113","3250","Nemours","16, RUE D EGREVILLE","01-64-28-11-21"
"181","36","3","29916","227","3261","Paris XVII","181 TER, AVENUE DE CLICHY","01-53-06-67-00"
"182","36","3","35558","109","3267","Pierrelaye VL","121, AVENUE DU GENERAL LECLERC R.N. 14","01-34-21-34-34"
"183","36","3","31339","228","3269","Plaisir","5 RUE DES FRERES LUMIERE","01-82-61-05-30"
"184","36","3","31341","229","3270","Poissy VL","40, BOULEVARD ROBESPIERRE 43 BOULEVARD DEVAUX","01-30-06-31-40"
"185","36","3","30995","230","3275","Pontault Combault","ZAC DE LA TETE DE BUIS IMPASSE PEPITO 21 ROUTE  DE PARIS","01-82-70-00-20"
"186","36","3","30431","231","3295","Rouen Av. de Caen","55 AVENUE DE CAEN BP 1223","02-35-62-00-24"
"187","36","3","31360","232","3301","Saint Cyr l'Ecole","10, AVENUE H. BARBUSSE","01-30-45-29-72"
"188","36","3","29540","106","3315","Saint Marcel","11, RUE DE LA GARENNE Z.I.","02-32-21-68-04"
"189","36","3","35414","233","3354","Valenton","54, AVENUE HENRI BARBUSSE","01-43-89-06-54"
"190","36","3","31398","234","3358","Versailles","77, RUE DES CHANTIERS","01-30-21-24-25"
"191","36","3","35416","235","3363","Villejuif","21 RUE DE VERDUN VAL-DE-MARNE","01-46-77-06-06"
"192","36","3","31409","114","3366","Viroflay","199, AVENUE DU GENERAL LECLERC","01-30-24-49-96"
"193","36","3","35292","115","3367","Viry Chatillon","134, AV. DU GENERAL DE GAULLE R.N. 7","01-69-44-30-07"
"194","37","2","35336","116","3038","Blanc Mesnil VI","3, AMAND ESDERS","01-48-67-17-40"
"195","37","2","30871","117","3175","Lagny","6-8, RUE CLAUDE CHAPPE Z.I.","01-60-94-08-98"
"196","37","2","35332","118","3364","Villeneuve la Garenne","8, RUE DE LA REDOUTE Z.I.","01-41-21-86-60"
"197","38","2","10251","236","3105","Dreux","27, AVENUE DES FENOTS","02-37-62-55-30"
"198","38","2","35166","107","3145","Etampes","ZI DES ROCHETTES","01-69-78-18-30"
"199","38","2","10289","119","3157","Gellainville","28 AVENUE LOUIS PASTEUR Z.I","02-37-88-42-20"
"200","39","2","30764","120","3094","Coulommiers","8, RUE DE L ORGEVAL Z.I.","01-64-03-01-95"
"201","39","2","16973","121","3235","Montereau ZI","7 RUE DES GRANDES HAIES Z.I.","01-64-32-11-98"
"202","39","2","31000","122","3276","Provins","ROUTE DE CHAMPBENOIST Z.A.C. DES BORDES","01-64-00-03-23"
"203","39","2","31107","123","3355","Vaux le Penil","22, RUE DU MARECHAL JUIN","01-64-39-12-63"
"204","40","2","11191","124","3028","Bagnols","ROND POINT DE L EUROPE","04-66-89-54-19"
"205","40","1","33055","125","3150","Flassans VI","4 CHEMIN RN7","04-83-72-82-00"
"206","40","2","33060","126","3155","Fréjus","161 RUE GEORGE BESSE Z.I. LA PALUD","04-94-52-77-40"
"207","40","2","33250","127","3187","Le Pontet","RUE DE LA VERDETTE LOTISS. D ACTIVITE LA GAULOISE","04-90-31-29-60"
"208","40","1","1627","128","3394","Manosque VI","ZI Saint Maurice Quartier Le Fito","04-92-71-70-50"
"209","40","1","13289","129","3239","Montpellier VI","4800 RUE DE LA JEUNE PARQUE","04-99-52-81-00"
"210","40","4","1993","130","3253","Base av. Nice Est","10 ET 12 ROUTE DE LAGHET","0000000000"
"211","40","1","1995","130","3255","Nice Rte de Grenoble VI","492, ROUTE DE GRENOBLE","04-92-29-52-60"
"212","40","2","11350","131","3256","Nîmes","1 COURS DE DION BOUTON CENTRE ROUTIER KILOMETRE DELTA","04-66-01-72-96"
"213","41","3","1907","237","3017","Antibes","754, ROUTE DE GRASSE","04-92-91-84-50"
"214","41","3","1932","132","3056","Cannes","240, AVENUE FRANCIS TONER","04-93-48-72-00"
"215","41","3","33048","133","3103","Draguignan","QUARTIER ST LEGER R.N. 555","04-94-50-45-70"
"216","41","3","1627","134","3210","Manosque VL","ROUTE DE LA DURANCE QUARTIER DU PRECHE","04-92-87-72-00"
"217","41","3","4433","238","3214","Marseille Arnavaux VL","15, BOULEVARD GAY LUSSAC Z.I. LES ARNAVAUX","04-91-10-19-60"
"218","41","3","4428","136","3215","Marseille Sainte Marguerite VL","61 BD SAINTE MARGUERITE","04-91-79-79-86"
"219","41","3","4429","135","3216","Marseille Timone VL","37,  RUE DU CAPITAINE GALINAT","04-91-78-10-13"
"220","41","3","13288","137","3240","Montpellier VL","AVENUE DU MAS D ARGELLIERS","04-67-92-05-93"
"221","41","3","1995","138","3254","Nice Montel VL","17, BOULEVARD PAUL MONTEL","04-97-25-76-60"
"222","41","3","4483","239","3322","Saint Victoret","BOULEVARD ROBERT FERRISSE","04-42-89-07-88"
"223","41","3","4485","139","3327","Salon de Provence","BOULEVARD DU ROI RENE","04-90-53-15-75"
"224","42","2","4367","140","3019","Arles","ROUTE DES SAINTES MARIES R.D. 570","04-90-49-61-80"
"225","42","2","4437","141","3218","Martigues","PUITS DE POUANE R.N. 568","04-42-40-70-10"
"226","43","3","33130","142","3333","Six Fours VL","AVENUE DE L EUROPE ZA DES PLAYES","04-94-10-96-80"
"227","43","2","33061","12","3171","La Garde","13 IMPASSE EDOUARD BRANLY ZI TOULON EST BP 503","04-94-08-01-48"
"228","44","2","4357","143","3005","Aix les Milles","128 AVENUE DE BESSEMER ZI LES MILLES","04-42-97-58-10"
"229","44","2","4369","144","3021","Aubagne","708 RN 8 ZI LES PALUDS","04-42-18-60-90"
"230","44","1","4499","145","3369","Vitrolles","AVENUE DE BRUXELLES N 2 Z.I. DES ESTROUBLANS","04-42-77-46-21"
"231","45","2","261","146","3047","Bourg-Péronnas","738, AVENUE DE LYON","04-74-21-20-99"
"232","45","2","14373","147","3046","Bourgoin Maladiere","4 RUE ISAAC ASIMOV Z.I. DE LA MALADIERE","04-74-19-00-90"
"233","45","1","27823","148","3089","Corbas VI","52, RUE LOUIS PRADEL Z.I.","04-37-25-33-01"
"234","45","1","9341","149","3233","Montélimar VI","ZI DU MEYROL","04-75-92-05-50"
"235","45","2","16043","240","3288","Roanne","47, BLD CHARLES DE GAULLE Z.I.","04-77-70-04-44"
"236","45","2","16185","150","3307","Saint Etienne Neyret","22, RUE JEAN NEYRET","04-77-49-08-77"
"237","45","1","14762","151","3325","Salaise VI","318 RUE DES BALMES","04-74-29-42-62"
"238","45","1","9207","152","3351","Valence VI","RUE LOUIS SAILLANT ZI DE LA MOTTE","04-75-57-67-40"
"239","45","2","27814","153","3362","Villefranche sur Saône","AVENUE EDOUARD HERRIOT Z.I.","04-74-09-43-90"
"240","45","2","16562","154","3372","Yssingeaux","ZA LA GUIDE LIEU-DIT LE FROMENTAL","04-71-59-18-13"
"241","46","3","27823","241","3090","Corbas VL","52, RUE LOUIS PRADEL Z.I.","04-78-20-98-56"
"242","46","3","27630","242","3097","Dardilly","CHEMIN DES GORGES ZI LE PAISY","04-78-35-58-50"
"243","46","3","27685","243","3205","Lyon Berthelot VL","190, AVENUE BERTHELOT","04-78-72-41-76"
"244","46","3","27687","156","3208","Lyon Vaise VL","48, RUE DE BOURGOGNE","04-78-83-77-76"
"245","46","3","27831","244","3226","Meyzieu","CENTRE COMMERCIAL LECLERC","04-78-04-30-29"
"246","46","3","9341","157","3234","Montélimar VL","112,  AVENUE JEAN JAURES","04-75-92-02-60"
"247","46","3","14762","245","3326","Salaise VL","ZA CHAMPS ROLLAND 219 RUE D ALAMBERT","04-74-11-12-90"
"248","46","3","9500","158","3352","Valence VL","AVENUE DE PROVENCE PONT DES ANGLAIS","04-75-44-13-40"
"249","46","3","27810","155","3357","Venissieux VL","69, RUE ANDRE SENTUC ZAC DE L ARSENAL","04-72-90-13-90"
"250","47","3","29475","246","3243","Moutiers","CTRE COMM. ZAC DE LA CHAUDANNE AVENUE DES JEUX OLYMPIQUES","04-79-24-21-95"
"251","47","2","29331","159","3006","Albertville","RUE LOUIS ARMAND","04-79-10-02-20"
"252","47","2","29377","160","3069","Chambéry Saint Alban","672, AVENUE DE CHAMBERY","04-79-33-20-09"
"253","47","4","29473","160","3399","Base av. La Motte Servolex","1327 avenue de la Houille Blanche","04-79-33-20-09"
"254","47","1","14679","161","3303","Saint Egrève VI","54, RUE DU PONT NOIR","04-38-02-19-50"
"255","48","2","29620","162","3016","Annecy","6, RUE DE LA CEZIERE Z.I. DE VOVRAY","04-50-45-99-70"
"256","48","2","150","163","3149","Ferney Voltaire","19,  RUE DE LA POTERIE","04-50-40-58-02"
"257","48","1","29837","164","3320","Saint Pierre en Faucigny","30 RUE CHAMPS PLANS LIEU DIT LES JOURDIES","04-50-25-07-08"
"258","48","4","29865","164","3440","Base av. Thonon les bains","A DEFINIR","0000000000"
"259","49","3","14461","247","3142","Echirolles VL","71, COURS JEAN JAURES LA QUINZAINE","04-76-09-11-95"
"260","49","3","14476","248","3153","Fontaine VL","39, BOULEVARD PAUL LANGEVIN","04-76-26-32-45"
"261","49","3","14679","165","3304","Saint Egrève VL","AVENUE DE L ILE BRUNE Z.I.","04-76-75-86-69"
"262","49","3","14848","166","3371","Voiron","6, RUE DE L INDUSTRIE","04-76-05-06-39"